language,Recall@1,Recall@3,Recall@5,Recall@10,Recall@15
ta,53.2,74.6,80.0,86.6,89.0
si,53.800000000000004,71.39999999999999,77.60000000000001,85.39999999999999,87.0
