language,Recall@1,Recall@3,Recall@5,Recall@10,Recall@15
ta,61.0,81.0,89.60000000000001,94.19999999999999,95.6
si,59.4,83.39999999999999,90.2,94.0,96.2
