language,Recall@1,Recall@3,Recall@5,Recall@10,Recall@15
ta,48.199999999999996,71.2,78.60000000000001,85.8,88.6
si,36.4,54.2,59.599999999999994,68.4,73.0
