language,Recall@1,Recall@3,Recall@5,Recall@10,Recall@15
ta,28.999999999999996,46.2,55.400000000000006,66.8,72.39999999999999
si,30.4,49.4,59.8,68.0,72.39999999999999
