language,Recall@1,Recall@3,Recall@5,Recall@10,Recall@15
ta,59.4,78.4,85.2,91.2,93.0
si,60.0,79.60000000000001,85.39999999999999,90.4,92.4
