language,Recall@1,Recall@3,Recall@5,Recall@10,Recall@15
ta,0.6,1.7999999999999998,2.0,3.8,4.2
si,1.6,3.8,5.6000000000000005,7.3999999999999995,8.200000000000001
